{"count":1,"gauges":{},"self":70.2062464,"total":83.9298767,"children":{"AgentResetIfDone":{"count":4072,"self":0.0839796,"total":0.0839796,"children":null},"AgentSendState":{"count":4072,"self":0.22874029999999998,"total":0.3492822,"children":{"CollectObservations":{"count":8144,"self":0.1205419,"total":0.1205419,"children":null}}},"DecideAction":{"count":4072,"self":12.1484416,"total":12.8200643,"children":{"RayPerceptionSensor.Perceive":{"count":8144,"self":0.6716223,"total":0.6716223,"children":null}}},"AcademyStep":{"count":4072,"self":0.0250214,"total":0.0250214,"children":null},"AgentAct":{"count":4072,"self":0.4422868,"total":0.4422868,"children":null}}}